name,pos,team,adp,notes
Jahmyr Gibbs,RB,DET,1.5,fp_rank=1;bye=6
Bijan Robinson,RB,ATL,1.5,fp_rank=2;bye=11
Ja'Marr Chase,WR,CIN,3.0,fp_rank=3;bye=6
Puka Nacua,WR,LAR,4.0,fp_rank=4;bye=11
Jaxon Smith-Njigba,WR,SEA,5.0,fp_rank=5;bye=11
Christian McCaffrey,RB,SF,6.0,fp_rank=6;bye=8
Amon-Ra St. Brown,WR,DET,7.0,fp_rank=7;bye=6
Jonathan Taylor,RB,IND,8.5,fp_rank=8;bye=13
Ashton Jeanty,RB,LV,9.5,fp_rank=9;bye=13
Justin Jefferson,WR,MIN,10.0,fp_rank=10;bye=6
CeeDee Lamb,WR,DAL,10.5,fp_rank=11;bye=14
James Cook III,RB,BUF,11.5,fp_rank=12;bye=7
Saquon Barkley,RB,PHI,14.5,fp_rank=13;bye=10
Chase Brown,RB,CIN,14.5,fp_rank=14;bye=6
De'Von Achane,RB,MIA,15.5,fp_rank=15;bye=6
Omarion Hampton,RB,LAC,15.5,fp_rank=16;bye=7
Kenneth Walker III,RB,KC,16.5,fp_rank=17;bye=5
Drake London,WR,ATL,16.5,fp_rank=18;bye=11
Brock Bowers,TE,LV,19.5,fp_rank=19;bye=13
Derrick Henry,RB,BAL,21.0,fp_rank=20;bye=13
A.J. Brown,WR,NE,22.0,fp_rank=21;bye=11
Trey McBride,TE,ARI,22.0,fp_rank=22;bye=14
Nico Collins,WR,HOU,22.5,fp_rank=23;bye=8
George Pickens,WR,DAL,23.5,fp_rank=24;bye=14
Jeremiyah Love,RB,ARI,24.0,fp_rank=25;bye=14
Josh Allen,QB,BUF,28.0,fp_rank=26;bye=7
Chris Olave,WR,NO,28.0,fp_rank=27;bye=8
Rashee Rice,WR,KC,28.0,fp_rank=28;bye=5
Breece Hall,RB,NYJ,28.0,fp_rank=29;bye=13
DeVonta Smith,WR,PHI,30.0,fp_rank=30;bye=10
Kyren Williams,RB,LAR,31.5,fp_rank=31;bye=11
Travis Etienne Jr.,RB,NO,34.0,fp_rank=32;bye=8
Zay Flowers,WR,BAL,34.5,fp_rank=33;bye=13
Malik Nabers,WR,NYG,35.0,fp_rank=34;bye=8
Javonte Williams,RB,DAL,35.0,fp_rank=35;bye=14
Ladd McConkey,WR,LAC,36.0,fp_rank=36;bye=7
Tee Higgins,WR,CIN,36.0,fp_rank=37;bye=6
Garrett Wilson,WR,NYJ,37.0,fp_rank=38;bye=13
Tetairoa McMillan,WR,CAR,38.5,fp_rank=39;bye=5
Emeka Egbuka,WR,TB,39.0,fp_rank=40;bye=10
Josh Jacobs,RB,GB,40.0,fp_rank=41;bye=11
Colston Loveland,TE,CHI,41.5,fp_rank=42;bye=10
Luther Burden III,WR,CHI,41.5,fp_rank=43;bye=10
Terry McLaurin,WR,WAS,44.0,fp_rank=44;bye=7
Cam Skattebo,RB,NYG,44.5,fp_rank=45;bye=8
Jaylen Waddle,WR,DEN,47.0,fp_rank=46;bye=10
David Montgomery,RB,HOU,50.0,fp_rank=47;bye=8
Lamar Jackson,QB,BAL,51.0,fp_rank=48;bye=13
TreVeyon Henderson,RB,NE,51.5,fp_rank=49;bye=11
D'Andre Swift,RB,CHI,51.5,fp_rank=50;bye=10
Davante Adams,WR,LAR,51.5,fp_rank=51;bye=11
Jameson Williams,WR,DET,51.5,fp_rank=52;bye=6
DJ Moore,WR,BUF,53.0,fp_rank=53;bye=7
Quinshon Judkins,RB,CLE,54.0,fp_rank=54;bye=11
Mike Evans,WR,SF,55.0,fp_rank=55;bye=8
Bhayshul Tuten,RB,JAC,56.0,fp_rank=56;bye=7
Christian Watson,WR,GB,56.0,fp_rank=57;bye=11
Bucky Irving,RB,TB,56.5,fp_rank=58;bye=10
Joe Burrow,QB,CIN,57.5,fp_rank=59;bye=6
Rome Odunze,WR,CHI,58.0,fp_rank=60;bye=10
Carnell Tate,WR,TEN,61.0,fp_rank=61;bye=9
Drake Maye,QB,NE,61.5,fp_rank=62;bye=11
Tyler Warren,TE,IND,63.5,fp_rank=63;bye=13
Jadarian Price,RB,SEA,63.5,fp_rank=64;bye=11
Jayden Daniels,QB,WAS,65.0,fp_rank=65;bye=7
Marvin Harrison Jr.,WR,ARI,67.5,fp_rank=66;bye=14
Brian Thomas Jr.,WR,JAC,68.0,fp_rank=67;bye=7
Parker Washington,WR,JAC,69.0,fp_rank=68;bye=7
Caleb Williams,QB,CHI,69.0,fp_rank=69;bye=10
Jaylen Warren,RB,PIT,69.0,fp_rank=70;bye=9
DK Metcalf,WR,PIT,71.5,fp_rank=71;bye=9
Jalen Hurts,QB,PHI,72.5,fp_rank=72;bye=10
Jordyn Tyson,WR,NO,73.0,fp_rank=73;bye=8
Chuba Hubbard,RB,CAR,73.5,fp_rank=74;bye=5
Justin Herbert,QB,LAC,77.0,fp_rank=75;bye=7
Courtland Sutton,WR,DEN,78.0,fp_rank=76;bye=10
Rhamondre Stevenson,RB,NE,78.0,fp_rank=77;bye=11
Alec Pierce,WR,IND,78.5,fp_rank=78;bye=13
Tony Pollard,RB,TEN,78.5,fp_rank=79;bye=9
Dak Prescott,QB,DAL,79.0,fp_rank=80;bye=14
Trevor Lawrence,QB,JAC,81.0,fp_rank=81;bye=7
RJ Harvey,RB,DEN,81.5,fp_rank=82;bye=10
Tucker Kraft,TE,GB,84.5,fp_rank=83;bye=11
Makai Lemon,WR,PHI,86.0,fp_rank=84;bye=10
Kenneth Gainwell,RB,TB,87.5,fp_rank=85;bye=10
Quentin Johnston,WR,LAC,89.0,fp_rank=86;bye=7
Rico Dowdle,RB,PIT,90.0,fp_rank=87;bye=9
Jaxson Dart,QB,NYG,91.5,fp_rank=88;bye=8
Matthew Stafford,QB,LAR,91.5,fp_rank=89;bye=11
Michael Pittman Jr.,WR,PIT,91.5,fp_rank=90;bye=9
Michael Wilson,WR,ARI,92.0,fp_rank=91;bye=14
Patrick Mahomes II,QB,KC,92.5,fp_rank=92;bye=5
Kyle Pitts Sr.,TE,ATL,93.0,fp_rank=93;bye=11
Chris Godwin Jr.,WR,TB,93.0,fp_rank=94;bye=10
Jayden Reed,WR,GB,93.5,fp_rank=95;bye=11
Brock Purdy,QB,SF,95.0,fp_rank=96;bye=8
Harold Fannin Jr.,TE,CLE,95.5,fp_rank=97;bye=11
Sam LaPorta,TE,DET,96.0,fp_rank=98;bye=6
Kyle Monangai,RB,CHI,98.0,fp_rank=99;bye=10
Blake Corum,RB,LAR,98.0,fp_rank=100;bye=11
Jordan Addison,WR,MIN,99.5,fp_rank=101;bye=6
Ricky Pearsall,WR,SF,100.0,fp_rank=102;bye=8
Josh Downs,WR,IND,102.0,fp_rank=103;bye=13
Jakobi Meyers,WR,JAC,102.0,fp_rank=104;bye=7
Jared Goff,QB,DET,102.0,fp_rank=105;bye=6
Jonathon Brooks,RB,CAR,105.5,fp_rank=106;bye=5
Bo Nix,QB,DEN,105.5,fp_rank=107;bye=10
Xavier Worthy,WR,KC,107.5,fp_rank=108;bye=5
J.K. Dobbins,RB,DEN,108.5,fp_rank=109;bye=10
Wan'Dale Robinson,WR,TEN,109.5,fp_rank=110;bye=9
Rachaad White,RB,WAS,109.5,fp_rank=111;bye=7
Kyler Murray,QB,MIN,110.0,fp_rank=112;bye=6
Jordan Love,QB,GB,112.0,fp_rank=113;bye=11
Tyler Shough,QB,NO,114.5,fp_rank=114;bye=8
Baker Mayfield,QB,TB,115.0,fp_rank=115;bye=10
Matthew Golden,WR,GB,117.5,fp_rank=116;bye=11
Romeo Doubs,WR,NE,118.0,fp_rank=117;bye=11
Dalton Kincaid,TE,BUF,118.5,fp_rank=118;bye=7
Travis Kelce,TE,KC,118.5,fp_rank=119;bye=5
Jordan Mason,RB,MIN,121.5,fp_rank=120;bye=6
George Kittle,TE,SF,121.5,fp_rank=121;bye=8
Aaron Jones Sr.,RB,MIN,122.0,fp_rank=122;bye=6
Jayden Higgins,WR,HOU,124.0,fp_rank=123;bye=8
KC Concepcion,WR,CLE,124.0,fp_rank=124;bye=11
Khalil Shakir,WR,BUF,125.0,fp_rank=125;bye=7
Isaiah Likely,TE,NYG,125.0,fp_rank=126;bye=8
Jake Ferguson,TE,DAL,125.5,fp_rank=127;bye=14
Tyrone Tracy Jr.,RB,NYG,128.0,fp_rank=128;bye=8
Malik Willis,QB,MIA,129.0,fp_rank=129;bye=6
Jalen Coker,WR,CAR,129.5,fp_rank=130;bye=5
Dallas Goedert,TE,PHI,129.5,fp_rank=131;bye=10
Jacory Croskey-Merritt,RB,WAS,130.5,fp_rank=132;bye=7
Mark Andrews,TE,BAL,130.5,fp_rank=133;bye=13
Chris Rodriguez Jr.,RB,JAC,134.0,fp_rank=134;bye=7
C.J. Stroud,QB,HOU,137.0,fp_rank=135;bye=8
Stefon Diggs,WR,,137.5,fp_rank=136
Cam Ward,QB,TEN,137.5,fp_rank=137;bye=9
Keaton Mitchell,RB,LAC,140.5,fp_rank=138;bye=7
Sam Darnold,QB,SEA,141.0,fp_rank=139;bye=11
Oronde Gadsden II,TE,LAC,141.5,fp_rank=140;bye=7
Woody Marks,RB,HOU,142.0,fp_rank=141;bye=8
Houston Texans DST,DST,,142.0,fp_rank=201;bye=8
Daniel Jones,QB,IND,142.5,fp_rank=142;bye=13
Chig Okonkwo,TE,WAS,144.5,fp_rank=143;bye=7
Rashid Shaheed,WR,SEA,144.5,fp_rank=144;bye=11
Juwan Johnson,TE,NO,146.0,fp_rank=145;bye=8
Jalen McMillan,WR,TB,146.5,fp_rank=146;bye=10
Tyler Allgeier,RB,ARI,147.5,fp_rank=147;bye=14
Isiah Pacheco,RB,DET,150.0,fp_rank=148;bye=6
Brenton Strange,TE,JAC,151.0,fp_rank=149;bye=7
Dylan Sampson,RB,CLE,151.5,fp_rank=150;bye=11
Jauan Jennings,WR,MIN,152.0,fp_rank=151;bye=6
Bryce Young,QB,CAR,153.0,fp_rank=152;bye=5
Los Angeles Rams DST,DST,,154.0,fp_rank=208;bye=11
Tre Tucker,WR,LV,156.0,fp_rank=153;bye=13
Tyjae Spears,RB,TEN,157.0,fp_rank=154;bye=9
Hunter Henry,TE,NE,157.0,fp_rank=155;bye=11
Kenyon Sadiq,TE,NYJ,157.5,fp_rank=156;bye=13
Jalen Nailor,WR,LV,158.0,fp_rank=157;bye=13
Seattle Seahawks DST,DST,,158.0,fp_rank=211;bye=11
Omar Cooper Jr.,WR,NYJ,160.5,fp_rank=158;bye=13
Denzel Boston,WR,CLE,160.5,fp_rank=159;bye=11
Jonah Coleman,RB,DEN,161.5,fp_rank=160;bye=10
Denver Broncos DST,DST,,163.0,fp_rank=214;bye=10
Aaron Rodgers,QB,PIT,165.5,fp_rank=161;bye=9
Zach Charbonnet,RB,SEA,166.5,fp_rank=162;bye=11
T.J. Hockenson,TE,MIN,166.5,fp_rank=163;bye=6
Travis Hunter,WR,JAC,168.0,fp_rank=164;bye=7
Tre' Harris,WR,LAC,168.0,fp_rank=165;bye=7
Deebo Samuel Sr.,WR,,168.0,fp_rank=166
Fernando Mendoza,QB,LV,172.0,fp_rank=167;bye=13
Brian Robinson Jr.,RB,ATL,172.0,fp_rank=168;bye=11
Ryan Flournoy,WR,DAL,173.5,fp_rank=169;bye=14
Tank Bigsby,RB,PHI,174.0,fp_rank=170;bye=10
Geno Smith,QB,NYJ,174.0,fp_rank=171;bye=13
Dalton Schultz,TE,HOU,174.5,fp_rank=172;bye=8
Emmett Johnson,RB,KC,175.5,fp_rank=173;bye=5
Alvin Kamara,RB,NO,175.5,fp_rank=174;bye=8
Jacoby Brissett,QB,ARI,176.5,fp_rank=175;bye=14
Jerry Jeudy,WR,CLE,178.0,fp_rank=176;bye=11
Antonio Williams,WR,WAS,178.0,fp_rank=177;bye=7
Isaac TeSlaa,WR,DET,179.0,fp_rank=178;bye=6
Sean Tucker,RB,TB,179.5,fp_rank=179;bye=10
New England Patriots DST,DST,,180.0,fp_rank=222;bye=11
Kaytron Allen,RB,WAS,182.5,fp_rank=180;bye=7
Philadelphia Eagles DST,DST,,183.0,fp_rank=224;bye=10
Malik Washington,WR,MIA,183.5,fp_rank=181;bye=6
Minnesota Vikings DST,DST,,188.0,fp_rank=229;bye=6
Pittsburgh Steelers DST,DST,,189.0,fp_rank=230;bye=9
AJ Barner,TE,SEA,189.5,fp_rank=182;bye=11
Jacksonville Jaguars DST,DST,,190.0,fp_rank=231;bye=7
Adonai Mitchell,WR,NYJ,192.0,fp_rank=183;bye=13
Gunnar Helm,TE,TEN,192.0,fp_rank=184;bye=9
Nicholas Singleton,RB,TEN,193.0,fp_rank=185;bye=9
Braelon Allen,RB,NYJ,193.0,fp_rank=186;bye=13
Emanuel Wilson,RB,SEA,194.5,fp_rank=187;bye=11
Ray Davis,RB,BUF,195.5,fp_rank=188;bye=7
Los Angeles Chargers DST,DST,,196.0,fp_rank=235;bye=7
Pat Freiermuth,TE,PIT,196.5,fp_rank=189;bye=9
Kimani Vidal,RB,LAC,196.5,fp_rank=190;bye=7
Mike Washington Jr.,RB,LV,197.0,fp_rank=191;bye=13
Calvin Ridley,WR,TEN,197.5,fp_rank=192;bye=9
Brandon Aiyuk,WR,SF,198.0,fp_rank=193;bye=8
Baltimore Ravens DST,DST,,198.0,fp_rank=236;bye=13
Cade Otton,TE,TB,198.5,fp_rank=194;bye=10
Greg Dulcich,TE,MIA,199.0,fp_rank=195;bye=6
Tua Tagovailoa,QB,ATL,202.0,fp_rank=196;bye=11
Zachariah Branch,WR,ATL,203.0,fp_rank=197;bye=11
Cleveland Browns DST,DST,,203.0,fp_rank=238;bye=11
Chicago Bears DST,DST,,204.0,fp_rank=239;bye=10
Darnell Mooney,WR,NYG,205.0,fp_rank=198;bye=8
David Njoku,TE,LAC,206.5,fp_rank=199;bye=7
Green Bay Packers DST,DST,,209.0,fp_rank=242;bye=11
Tank Dell,WR,HOU,209.5,fp_rank=200;bye=8
De'Zhaun Stribling,WR,SF,214.0,fp_rank=202;bye=8
Jordan James,RB,SF,214.5,fp_rank=203;bye=8
Troy Franklin,WR,DEN,215.5,fp_rank=204;bye=10
Kayshon Boutte,WR,NE,216.0,fp_rank=205;bye=11
Buffalo Bills DST,DST,,216.0,fp_rank=247;bye=7
Christian Kirk,WR,SF,217.0,fp_rank=206;bye=8
Atlanta Falcons DST,DST,,217.0,fp_rank=248;bye=11
Colby Parkinson,TE,LAR,218.0,fp_rank=207;bye=11
Terrance Ferguson,TE,LAR,219.5,fp_rank=209;bye=11
James Conner,RB,ARI,220.0,fp_rank=210;bye=14
Detroit Lions DST,DST,,220.0,fp_rank=250;bye=6
Kansas City Chiefs DST,DST,,222.0,fp_rank=251;bye=5
Cooper Kupp,WR,SEA,223.0,fp_rank=212;bye=11
MarShawn Lloyd,RB,GB,223.0,fp_rank=213;bye=11
New Orleans Saints DST,DST,,224.0,fp_rank=253;bye=8
Deshaun Watson,QB,CLE,224.5,fp_rank=215;bye=11
New York Giants DST,DST,,225.0,fp_rank=254;bye=8
Jake Tonges,TE,SF,226.0,fp_rank=216;bye=8
Eli Stowers,TE,PHI,227.5,fp_rank=217;bye=10
Germie Bernard,WR,PIT,228.0,fp_rank=218;bye=9
Jaydon Blue,RB,DAL,228.0,fp_rank=219;bye=14
Demond Claiborne,RB,MIN,230.0,fp_rank=220;bye=6
San Francisco 49ers DST,DST,,230.0,fp_rank=258;bye=8
Kaelon Black,RB,SF,231.5,fp_rank=221;bye=8
Michael Penix Jr.,QB,ATL,233.0,fp_rank=223;bye=11
Indianapolis Colts DST,DST,,233.0,fp_rank=259;bye=13
Jaylen Wright,RB,MIA,234.0,fp_rank=225;bye=6
Tyreek Hill,WR,,234.5,fp_rank=226
Chris Bell,WR,MIA,235.5,fp_rank=227;bye=6
Shedeur Sanders,QB,CLE,236.0,fp_rank=228;bye=11
Carolina Panthers DST,DST,,237.0,fp_rank=264;bye=5
Kirk Cousins,QB,LV,237.5,fp_rank=232;bye=13
Dallas Cowboys DST,DST,,238.0,fp_rank=265;bye=14
Malachi Fields,WR,NYG,239.5,fp_rank=233;bye=8
Tampa Bay Buccaneers DST,DST,,241.0,fp_rank=267;bye=10
Chris Brooks,RB,GB,245.5,fp_rank=240;bye=11
Dontayvion Wicks,WR,PHI,246.5,fp_rank=234;bye=10
Tennessee Titans DST,DST,,248.0,fp_rank=273;bye=9
Albert Okwuegbunam Jr.,TE,LV,249.0,fp_rank=275;bye=13
Justice Hill,RB,BAL,249.5,fp_rank=237;bye=13
Luke McCaffrey,WR,WAS,250.0,fp_rank=277;bye=7
Jalen Milroe,QB,SEA,251.0,fp_rank=279;bye=11
Mitchell Trubisky,QB,TEN,252.0,fp_rank=281;bye=9
Tyrod Taylor,QB,GB,253.0,fp_rank=283;bye=11
Jake Browning,QB,TB,255.0,fp_rank=286;bye=10
Will Shipley,RB,PHI,256.0,fp_rank=288;bye=10
Pierre Strong Jr.,RB,GB,257.0,fp_rank=290;bye=11
Mason Rudolph,QB,PIT,258.0,fp_rank=292;bye=9
KaVontae Turpin,WR,DAL,260.0,fp_rank=296;bye=14
Kendre Miller,RB,NO,261.0,fp_rank=298;bye=8
Tyler Conklin,TE,DET,262.0,fp_rank=300;bye=6
Ashton Dulin,WR,IND,264.0,fp_rank=303;bye=13
Isaac Guerendo,RB,SF,265.0,fp_rank=305;bye=8
Sam Roush,TE,CHI,266.0,fp_rank=307;bye=10
Gardner Minshew II,QB,ARI,268.0,fp_rank=310;bye=14
Tommy DeVito,QB,NE,270.0,fp_rank=313;bye=11
Kenny McIntosh,RB,SEA,271.0,fp_rank=315;bye=11
Malik Benson,WR,LV,271.5,fp_rank=293;bye=13
Efton Chism III,WR,NE,272.0,fp_rank=317;bye=11
Xavier Hutchinson,WR,HOU,273.0,fp_rank=319;bye=8
Devontez Walker,WR,BAL,274.0,fp_rank=302;bye=13
Frank Gore Jr.,RB,BUF,274.0,fp_rank=321;bye=7
Dyami Brown,WR,WAS,275.0,fp_rank=323;bye=7
Mike Gesicki,TE,CIN,275.5,fp_rank=243;bye=6
Jaleel McLaughlin,RB,DEN,276.0,fp_rank=325;bye=10
George Holani,RB,SEA,276.5,fp_rank=246;bye=11
Konata Mumpfield,WR,LAR,277.0,fp_rank=326;bye=11
Jake Bobo,WR,SEA,278.0,fp_rank=328;bye=11
Cedric Tillman,WR,CLE,279.0,fp_rank=330;bye=11
John Metchie III,WR,CAR,280.0,fp_rank=332;bye=5
Ted Hurst III,WR,TB,281.0,fp_rank=241;bye=10
Greg Dortch,WR,DET,281.0,fp_rank=334;bye=6
Eli Heidenreich,RB,PIT,281.5,fp_rank=260;bye=9
Jawhar Jordan,RB,HOU,282.0,fp_rank=336;bye=8
Jaylin Noel,WR,HOU,282.5,fp_rank=249;bye=8
Evan Engram,TE,DEN,282.5,fp_rank=257;bye=10
Damien Martinez,RB,GB,283.0,fp_rank=338;bye=11
Jarquez Hunter,RB,LAR,284.0,fp_rank=340;bye=11
Treylon Burks,WR,WAS,285.5,fp_rank=266;bye=7
Chimere Dike,WR,TEN,285.5,fp_rank=322;bye=9
Andy Dalton,QB,PHI,286.0,fp_rank=342;bye=10
Malik Davis,RB,DAL,287.0,fp_rank=276;bye=14
Charlie Kolar,TE,LAC,287.0,fp_rank=343;bye=7
Trevor Etienne,RB,CAR,288.0,fp_rank=344;bye=5
Luke Musgrave,TE,GB,289.0,fp_rank=345;bye=11
Keon Coleman,WR,BUF,289.5,fp_rank=245;bye=7
Jahdae Walker,WR,CHI,290.0,fp_rank=346;bye=10
Zavion Thomas,WR,CHI,290.5,fp_rank=272;bye=10
Joe Milton III,QB,DAL,291.0,fp_rank=347;bye=14
Teddy Bridgewater,QB,DET,292.0,fp_rank=348;bye=6
Quinn Ewers,QB,MIA,293.0,fp_rank=349;bye=6
Spencer Rattler,QB,NO,294.0,fp_rank=350;bye=8
Michael Carter,RB,TEN,295.0,fp_rank=351;bye=9
Pat Bryant,WR,DEN,296.0,fp_rank=244;bye=10
Brenen Thompson,WR,LAC,296.0,fp_rank=316;bye=7
Jam Miller,RB,NE,296.0,fp_rank=352;bye=11
Samaje Perine,RB,CIN,297.5,fp_rank=255;bye=6
Savion Williams,WR,GB,298.0,fp_rank=309;bye=11
Kevin Coleman Jr.,WR,MIA,299.0,fp_rank=353;bye=6
J.J. McCarthy,QB,MIN,300.5,fp_rank=256;bye=6
Ty Johnson,RB,BUF,300.5,fp_rank=263;bye=7
Cincinnati Bengals DST,DST,,301.0,fp_rank=354;bye=6
Tory Horton,WR,SEA,302.0,fp_rank=270;bye=11
Kalif Raymond,WR,CHI,302.0,fp_rank=355;bye=10
Theo Johnson,TE,NYG,302.5,fp_rank=301;bye=8
Chris Brazzell II,WR,CAR,303.0,fp_rank=262;bye=5
Colbie Young,WR,CIN,303.0,fp_rank=356;bye=6
Drew Lock,QB,SEA,304.0,fp_rank=357;bye=11
Daniel Bellinger,TE,TEN,305.0,fp_rank=358;bye=9
Rashod Bateman,WR,BAL,305.5,fp_rank=274;bye=13
Emari Demercado,RB,KC,305.5,fp_rank=280;bye=5
Joshua Palmer,WR,BUF,306.0,fp_rank=359;bye=7
Elijah Sarratt,WR,BAL,307.0,fp_rank=252;bye=13
Austin Ekeler,RB,,307.0,fp_rank=360
Audric Estime,RB,NO,308.0,fp_rank=361;bye=8
Bryce Lance,WR,NO,308.5,fp_rank=327;bye=8
Las Vegas Raiders DST,DST,,309.0,fp_rank=362;bye=13
Eli Raridon,TE,NE,310.0,fp_rank=363;bye=11
Mason Taylor,TE,NYJ,310.5,fp_rank=291;bye=13
DJ Giddens,RB,IND,311.0,fp_rank=269;bye=13
Darren Waller,TE,,311.0,fp_rank=364
Elic Ayomanor,WR,TEN,311.5,fp_rank=331;bye=9
Phil Mafah,RB,DAL,312.0,fp_rank=365;bye=14
Calvin Austin III,WR,NYG,313.0,fp_rank=366;bye=8
Odell Beckham Jr.,WR,NYG,314.0,fp_rank=367;bye=8
Darnell Washington,TE,PIT,314.5,fp_rank=268;bye=9
Kareem Hunt,RB,,315.0,fp_rank=368
Adam Randall,RB,BAL,315.5,fp_rank=285;bye=13
LeQuint Allen Jr.,RB,JAC,315.5,fp_rank=295;bye=7
Tyquan Thornton,WR,KC,316.0,fp_rank=261;bye=5
Ben Sinnott,TE,WAS,316.0,fp_rank=369;bye=7
Will Howard,QB,PIT,317.0,fp_rank=370;bye=9
Isaiah Bond,WR,CLE,318.0,fp_rank=337;bye=11
Hollywood Brown,WR,PHI,318.0,fp_rank=341;bye=10
Jalen Royals,WR,KC,318.0,fp_rank=371;bye=5
Jack Bech,WR,LV,319.0,fp_rank=312;bye=13
Joe Mixon,RB,,319.0,fp_rank=372
Caleb Douglas,WR,MIA,320.0,fp_rank=339;bye=6
Jarrett Stidham,QB,DEN,320.0,fp_rank=373;bye=10
Devaughn Vele,WR,NO,320.5,fp_rank=282;bye=8
Carson Beck,QB,ARI,320.5,fp_rank=284;bye=14
Ja'Tavion Sanders,TE,CAR,320.5,fp_rank=289;bye=5
Keenan Allen,WR,LAC,321.0,fp_rank=294;bye=7
Michael Mayer,TE,LV,321.5,fp_rank=271;bye=13
Davis Mills,QB,HOU,322.0,fp_rank=374;bye=8
Justin Fields,QB,KC,322.5,fp_rank=287;bye=5
Nick Mullens,QB,JAC,323.0,fp_rank=375;bye=7
Washington Commanders DST,DST,,324.0,fp_rank=376;bye=7
Najee Harris,RB,LAC,324.5,fp_rank=311;bye=7
Tyson Bagent,QB,CHI,326.0,fp_rank=377;bye=10
DeMario Douglas,WR,NE,327.0,fp_rank=378;bye=11
Skyler Bell,WR,BUF,328.0,fp_rank=278;bye=7
Miami Dolphins DST,DST,,328.0,fp_rank=379;bye=6
Andrei Iosivas,WR,CIN,328.5,fp_rank=299;bye=6
Ollie Gordon II,RB,MIA,329.0,fp_rank=329;bye=6
Zach Ertz,TE,,331.0,fp_rank=380
Cole Kmet,TE,CHI,332.0,fp_rank=297;bye=10
Kendrick Bourne,WR,ARI,333.0,fp_rank=318;bye=14
Tyler Huntley,QB,BAL,333.0,fp_rank=381;bye=13
Jahan Dotson,WR,ATL,333.5,fp_rank=306;bye=11
Jalen Tolbert,WR,MIA,333.5,fp_rank=308;bye=6
Jerome Ford,RB,WAS,335.0,fp_rank=382;bye=7
Darius Slayton,WR,NYG,336.0,fp_rank=304;bye=8
Dawson Knox,TE,BUF,336.0,fp_rank=320;bye=7
Justin Joly,TE,DEN,337.0,fp_rank=383;bye=10
Nick Westbrook-Ikhine,WR,IND,338.0,fp_rank=384;bye=13
Marvin Mims Jr.,WR,DEN,339.0,fp_rank=324;bye=10
Ja'Kobi Lane,WR,BAL,339.5,fp_rank=314;bye=13
Anthony Richardson Sr.,QB,IND,341.0,fp_rank=385;bye=13
Elijah Arroyo,TE,SEA,345.0,fp_rank=333;bye=11
New York Jets DST,DST,,345.0,fp_rank=386;bye=13
Xavier Legette,WR,CAR,346.0,fp_rank=335;bye=5
Max Klare,TE,LAR,347.0,fp_rank=387;bye=11
Ty Simpson,QB,LAR,348.0,fp_rank=388;bye=11
Tutu Atwell,WR,MIA,349.0,fp_rank=389;bye=6
Jonnu Smith,TE,,350.0,fp_rank=390
Arizona Cardinals DST,DST,,351.0,fp_rank=391;bye=14
Mac Jones,QB,SF,353.0,fp_rank=392;bye=8
Seth McGowan,RB,IND,355.0,fp_rank=393;bye=13
Oscar Delp,TE,NO,358.0,fp_rank=394;bye=8
Trey Benson,RB,ARI,361.0,fp_rank=395;bye=14
Jameis Winston,QB,NYG,362.0,fp_rank=396;bye=8
Tahj Brooks,RB,CIN,366.0,fp_rank=397;bye=6
Marcus Mariota,QB,WAS,367.0,fp_rank=398;bye=7
Tyler Higbee,TE,LAR,373.0,fp_rank=399;bye=11
Mack Hollins,WR,NE,375.0,fp_rank=400;bye=11
Joe Flacco,QB,CIN,376.0,fp_rank=401;bye=6
Olamide Zaccheaus,WR,ATL,379.0,fp_rank=402;bye=11
Isaiah Davis,RB,NYJ,383.0,fp_rank=403;bye=13
Devin Singletary,RB,NYG,387.0,fp_rank=404;bye=8
Tez Johnson,WR,TB,391.0,fp_rank=405;bye=10
Noah Gray,TE,KC,393.0,fp_rank=406;bye=5
Brashard Smith,RB,KC,395.0,fp_rank=407;bye=5
Kaleb Johnson,RB,PIT,400.0,fp_rank=408;bye=9
Kyle Williams,WR,NE,405.0,fp_rank=409;bye=11
Devin Neal,RB,NO,407.0,fp_rank=410;bye=8
